user_id,nft_id,private_key,buy_url,timestamp
user_1,nft_1,0xPRIVATE_KEY_1,https://yourplatform.com/api/buyNFT,
user_2,nft_2,0xPRIVATE_KEY_2,https://yourplatform.com/api/buyNFT,
user_3,nft_3,0xPRIVATE_KEY_3,https://yourplatform.com/api/buyNFT,
user_4,nft_4,0xPRIVATE_KEY_4,https://yourplatform.com/api/buyNFT,
user_5,nft_5,0xPRIVATE_KEY_5,https://yourplatform.com/api/buyNFT,
user_6,nft_6,0xPRIVATE_KEY_6,https://yourplatform.com/api/buyNFT,
user_7,nft_7,0xPRIVATE_KEY_7,https://yourplatform.com/api/buyNFT,
user_8,nft_8,0xPRIVATE_KEY_8,https://yourplatform.com/api/buyNFT,
user_9,nft_9,0xPRIVATE_KEY_9,https://yourplatform.com/api/buyNFT,
user_10,nft_10,0xPRIVATE_KEY_10,https://yourplatform.com/api/buyNFT,
user_11,nft_11,0xPRIVATE_KEY_11,https://yourplatform.com/api/buyNFT,
user_12,nft_12,0xPRIVATE_KEY_12,https://yourplatform.com/api/buyNFT,
user_13,nft_13,0xPRIVATE_KEY_13,https://yourplatform.com/api/buyNFT,
user_14,nft_14,0xPRIVATE_KEY_14,https://yourplatform.com/api/buyNFT,
user_15,nft_15,0xPRIVATE_KEY_15,https://yourplatform.com/api/buyNFT,
user_16,nft_16,0xPRIVATE_KEY_16,https://yourplatform.com/api/buyNFT,
user_17,nft_17,0xPRIVATE_KEY_17,https://yourplatform.com/api/buyNFT,
user_18,nft_18,0xPRIVATE_KEY_18,https://yourplatform.com/api/buyNFT,
user_19,nft_19,0xPRIVATE_KEY_19,https://yourplatform.com/api/buyNFT,
user_20,nft_20,0xPRIVATE_KEY_20,https://yourplatform.com/api/buyNFT,
user_21,nft_21,0xPRIVATE_KEY_21,https://yourplatform.com/api/buyNFT,
user_22,nft_22,0xPRIVATE_KEY_22,https://yourplatform.com/api/buyNFT,
user_23,nft_23,0xPRIVATE_KEY_23,https://yourplatform.com/api/buyNFT,
user_24,nft_24,0xPRIVATE_KEY_24,https://yourplatform.com/api/buyNFT,
user_25,nft_25,0xPRIVATE_KEY_25,https://yourplatform.com/api/buyNFT,
user_26,nft_26,0xPRIVATE_KEY_26,https://yourplatform.com/api/buyNFT,
user_27,nft_27,0xPRIVATE_KEY_27,https://yourplatform.com/api/buyNFT,
user_28,nft_28,0xPRIVATE_KEY_28,https://yourplatform.com/api/buyNFT,
user_29,nft_29,0xPRIVATE_KEY_29,https://yourplatform.com/api/buyNFT,
user_30,nft_30,0xPRIVATE_KEY_30,https://yourplatform.com/api/buyNFT,
user_31,nft_31,0xPRIVATE_KEY_31,https://yourplatform.com/api/buyNFT,
user_32,nft_32,0xPRIVATE_KEY_32,https://yourplatform.com/api/buyNFT,
user_33,nft_33,0xPRIVATE_KEY_33,https://yourplatform.com/api/buyNFT,
user_34,nft_34,0xPRIVATE_KEY_34,https://yourplatform.com/api/buyNFT,
user_35,nft_35,0xPRIVATE_KEY_35,https://yourplatform.com/api/buyNFT,
user_36,nft_36,0xPRIVATE_KEY_36,https://yourplatform.com/api/buyNFT,
user_37,nft_37,0xPRIVATE_KEY_37,https://yourplatform.com/api/buyNFT,
user_38,nft_38,0xPRIVATE_KEY_38,https://yourplatform.com/api/buyNFT,
user_39,nft_39,0xPRIVATE_KEY_39,https://yourplatform.com/api/buyNFT,
user_40,nft_40,0xPRIVATE_KEY_40,https://yourplatform.com/api/buyNFT,
user_41,nft_41,0xPRIVATE_KEY_41,https://yourplatform.com/api/buyNFT,
user_42,nft_42,0xPRIVATE_KEY_42,https://yourplatform.com/api/buyNFT,
user_43,nft_43,0xPRIVATE_KEY_43,https://yourplatform.com/api/buyNFT,
user_44,nft_44,0xPRIVATE_KEY_44,https://yourplatform.com/api/buyNFT,
user_45,nft_45,0xPRIVATE_KEY_45,https://yourplatform.com/api/buyNFT,
user_46,nft_46,0xPRIVATE_KEY_46,https://yourplatform.com/api/buyNFT,
user_47,nft_47,0xPRIVATE_KEY_47,https://yourplatform.com/api/buyNFT,
user_48,nft_48,0xPRIVATE_KEY_48,https://yourplatform.com/api/buyNFT,
user_49,nft_49,0xPRIVATE_KEY_49,https://yourplatform.com/api/buyNFT,
user_50,nft_50,0xPRIVATE_KEY_50,https://yourplatform.com/api/buyNFT,
user_51,nft_51,0xPRIVATE_KEY_51,https://yourplatform.com/api/buyNFT,
user_52,nft_52,0xPRIVATE_KEY_52,https://yourplatform.com/api/buyNFT,
user_53,nft_53,0xPRIVATE_KEY_53,https://yourplatform.com/api/buyNFT,
user_54,nft_54,0xPRIVATE_KEY_54,https://yourplatform.com/api/buyNFT,
user_55,nft_55,0xPRIVATE_KEY_55,https://yourplatform.com/api/buyNFT,
user_56,nft_56,0xPRIVATE_KEY_56,https://yourplatform.com/api/buyNFT,
user_57,nft_57,0xPRIVATE_KEY_57,https://yourplatform.com/api/buyNFT,
user_58,nft_58,0xPRIVATE_KEY_58,https://yourplatform.com/api/buyNFT,
user_59,nft_59,0xPRIVATE_KEY_59,https://yourplatform.com/api/buyNFT,
user_60,nft_60,0xPRIVATE_KEY_60,https://yourplatform.com/api/buyNFT,
user_61,nft_61,0xPRIVATE_KEY_61,https://yourplatform.com/api/buyNFT,
user_62,nft_62,0xPRIVATE_KEY_62,https://yourplatform.com/api/buyNFT,
user_63,nft_63,0xPRIVATE_KEY_63,https://yourplatform.com/api/buyNFT,
user_64,nft_64,0xPRIVATE_KEY_64,https://yourplatform.com/api/buyNFT,
user_65,nft_65,0xPRIVATE_KEY_65,https://yourplatform.com/api/buyNFT,
user_66,nft_66,0xPRIVATE_KEY_66,https://yourplatform.com/api/buyNFT,
user_67,nft_67,0xPRIVATE_KEY_67,https://yourplatform.com/api/buyNFT,
user_68,nft_68,0xPRIVATE_KEY_68,https://yourplatform.com/api/buyNFT,
user_69,nft_69,0xPRIVATE_KEY_69,https://yourplatform.com/api/buyNFT,
user_70,nft_70,0xPRIVATE_KEY_70,https://yourplatform.com/api/buyNFT,
user_71,nft_71,0xPRIVATE_KEY_71,https://yourplatform.com/api/buyNFT,
user_72,nft_72,0xPRIVATE_KEY_72,https://yourplatform.com/api/buyNFT,
user_73,nft_73,0xPRIVATE_KEY_73,https://yourplatform.com/api/buyNFT,
user_74,nft_74,0xPRIVATE_KEY_74,https://yourplatform.com/api/buyNFT,
user_75,nft_75,0xPRIVATE_KEY_75,https://yourplatform.com/api/buyNFT,
user_76,nft_76,0xPRIVATE_KEY_76,https://yourplatform.com/api/buyNFT,
user_77,nft_77,0xPRIVATE_KEY_77,https://yourplatform.com/api/buyNFT,
user_78,nft_78,0xPRIVATE_KEY_78,https://yourplatform.com/api/buyNFT,
user_79,nft_79,0xPRIVATE_KEY_79,https://yourplatform.com/api/buyNFT,
user_80,nft_80,0xPRIVATE_KEY_80,https://yourplatform.com/api/buyNFT,
user_81,nft_81,0xPRIVATE_KEY_81,https://yourplatform.com/api/buyNFT,
user_82,nft_82,0xPRIVATE_KEY_82,https://yourplatform.com/api/buyNFT,
user_83,nft_83,0xPRIVATE_KEY_83,https://yourplatform.com/api/buyNFT,
user_84,nft_84,0xPRIVATE_KEY_84,https://yourplatform.com/api/buyNFT,
user_85,nft_85,0xPRIVATE_KEY_85,https://yourplatform.com/api/buyNFT,
user_86,nft_86,0xPRIVATE_KEY_86,https://yourplatform.com/api/buyNFT,
user_87,nft_87,0xPRIVATE_KEY_87,https://yourplatform.com/api/buyNFT,
user_88,nft_88,0xPRIVATE_KEY_88,https://yourplatform.com/api/buyNFT,
user_89,nft_89,0xPRIVATE_KEY_89,https://yourplatform.com/api/buyNFT,
user_90,nft_90,0xPRIVATE_KEY_90,https://yourplatform.com/api/buyNFT,
user_91,nft_91,0xPRIVATE_KEY_91,https://yourplatform.com/api/buyNFT,
user_92,nft_92,0xPRIVATE_KEY_92,https://yourplatform.com/api/buyNFT,
user_93,nft_93,0xPRIVATE_KEY_93,https://yourplatform.com/api/buyNFT,
user_94,nft_94,0xPRIVATE_KEY_94,https://yourplatform.com/api/buyNFT,
user_95,nft_95,0xPRIVATE_KEY_95,https://yourplatform.com/api/buyNFT,
user_96,nft_96,0xPRIVATE_KEY_96,https://yourplatform.com/api/buyNFT,
user_97,nft_97,0xPRIVATE_KEY_97,https://yourplatform.com/api/buyNFT,
user_98,nft_98,0xPRIVATE_KEY_98,https://yourplatform.com/api/buyNFT,
user_99,nft_99,0xPRIVATE_KEY_99,https://yourplatform.com/api/buyNFT,
user_100,nft_100,0xPRIVATE_KEY_100,https://yourplatform.com/api/buyNFT,
user_101,nft_101,0xPRIVATE_KEY_101,https://yourplatform.com/api/buyNFT,
user_102,nft_102,0xPRIVATE_KEY_102,https://yourplatform.com/api/buyNFT,
user_103,nft_103,0xPRIVATE_KEY_103,https://yourplatform.com/api/buyNFT,
user_104,nft_104,0xPRIVATE_KEY_104,https://yourplatform.com/api/buyNFT,
user_105,nft_105,0xPRIVATE_KEY_105,https://yourplatform.com/api/buyNFT,
user_106,nft_106,0xPRIVATE_KEY_106,https://yourplatform.com/api/buyNFT,
user_107,nft_107,0xPRIVATE_KEY_107,https://yourplatform.com/api/buyNFT,
user_108,nft_108,0xPRIVATE_KEY_108,https://yourplatform.com/api/buyNFT,
user_109,nft_109,0xPRIVATE_KEY_109,https://yourplatform.com/api/buyNFT,
user_110,nft_110,0xPRIVATE_KEY_110,https://yourplatform.com/api/buyNFT,
user_111,nft_111,0xPRIVATE_KEY_111,https://yourplatform.com/api/buyNFT,
user_112,nft_112,0xPRIVATE_KEY_112,https://yourplatform.com/api/buyNFT,
user_113,nft_113,0xPRIVATE_KEY_113,https://yourplatform.com/api/buyNFT,
user_114,nft_114,0xPRIVATE_KEY_114,https://yourplatform.com/api/buyNFT,
user_115,nft_115,0xPRIVATE_KEY_115,https://yourplatform.com/api/buyNFT,
user_116,nft_116,0xPRIVATE_KEY_116,https://yourplatform.com/api/buyNFT,
user_117,nft_117,0xPRIVATE_KEY_117,https://yourplatform.com/api/buyNFT,
user_118,nft_118,0xPRIVATE_KEY_118,https://yourplatform.com/api/buyNFT,
user_119,nft_119,0xPRIVATE_KEY_119,https://yourplatform.com/api/buyNFT,
user_120,nft_120,0xPRIVATE_KEY_120,https://yourplatform.com/api/buyNFT,
user_121,nft_121,0xPRIVATE_KEY_121,https://yourplatform.com/api/buyNFT,
user_122,nft_122,0xPRIVATE_KEY_122,https://yourplatform.com/api/buyNFT,
user_123,nft_123,0xPRIVATE_KEY_123,https://yourplatform.com/api/buyNFT,
user_124,nft_124,0xPRIVATE_KEY_124,https://yourplatform.com/api/buyNFT,
user_125,nft_125,0xPRIVATE_KEY_125,https://yourplatform.com/api/buyNFT,
user_126,nft_126,0xPRIVATE_KEY_126,https://yourplatform.com/api/buyNFT,
user_127,nft_127,0xPRIVATE_KEY_127,https://yourplatform.com/api/buyNFT,
user_128,nft_128,0xPRIVATE_KEY_128,https://yourplatform.com/api/buyNFT,
user_129,nft_129,0xPRIVATE_KEY_129,https://yourplatform.com/api/buyNFT,
user_130,nft_130,0xPRIVATE_KEY_130,https://yourplatform.com/api/buyNFT,
user_131,nft_131,0xPRIVATE_KEY_131,https://yourplatform.com/api/buyNFT,
user_132,nft_132,0xPRIVATE_KEY_132,https://yourplatform.com/api/buyNFT,
user_133,nft_133,0xPRIVATE_KEY_133,https://yourplatform.com/api/buyNFT,
user_134,nft_134,0xPRIVATE_KEY_134,https://yourplatform.com/api/buyNFT,
user_135,nft_135,0xPRIVATE_KEY_135,https://yourplatform.com/api/buyNFT,
user_136,nft_136,0xPRIVATE_KEY_136,https://yourplatform.com/api/buyNFT,
user_137,nft_137,0xPRIVATE_KEY_137,https://yourplatform.com/api/buyNFT,
user_138,nft_138,0xPRIVATE_KEY_138,https://yourplatform.com/api/buyNFT,
user_139,nft_139,0xPRIVATE_KEY_139,https://yourplatform.com/api/buyNFT,
user_140,nft_140,0xPRIVATE_KEY_140,https://yourplatform.com/api/buyNFT,
user_141,nft_141,0xPRIVATE_KEY_141,https://yourplatform.com/api/buyNFT,
user_142,nft_142,0xPRIVATE_KEY_142,https://yourplatform.com/api/buyNFT,
user_143,nft_143,0xPRIVATE_KEY_143,https://yourplatform.com/api/buyNFT,
user_144,nft_144,0xPRIVATE_KEY_144,https://yourplatform.com/api/buyNFT,
user_145,nft_145,0xPRIVATE_KEY_145,https://yourplatform.com/api/buyNFT,
user_146,nft_146,0xPRIVATE_KEY_146,https://yourplatform.com/api/buyNFT,
user_147,nft_147,0xPRIVATE_KEY_147,https://yourplatform.com/api/buyNFT,
user_148,nft_148,0xPRIVATE_KEY_148,https://yourplatform.com/api/buyNFT,
user_149,nft_149,0xPRIVATE_KEY_149,https://yourplatform.com/api/buyNFT,
user_150,nft_150,0xPRIVATE_KEY_150,https://yourplatform.com/api/buyNFT,
user_151,nft_151,0xPRIVATE_KEY_151,https://yourplatform.com/api/buyNFT,
user_152,nft_152,0xPRIVATE_KEY_152,https://yourplatform.com/api/buyNFT,
user_153,nft_153,0xPRIVATE_KEY_153,https://yourplatform.com/api/buyNFT,
user_154,nft_154,0xPRIVATE_KEY_154,https://yourplatform.com/api/buyNFT,
user_155,nft_155,0xPRIVATE_KEY_155,https://yourplatform.com/api/buyNFT,
user_156,nft_156,0xPRIVATE_KEY_156,https://yourplatform.com/api/buyNFT,
user_157,nft_157,0xPRIVATE_KEY_157,https://yourplatform.com/api/buyNFT,
user_158,nft_158,0xPRIVATE_KEY_158,https://yourplatform.com/api/buyNFT,
user_159,nft_159,0xPRIVATE_KEY_159,https://yourplatform.com/api/buyNFT,
user_160,nft_160,0xPRIVATE_KEY_160,https://yourplatform.com/api/buyNFT,
user_161,nft_161,0xPRIVATE_KEY_161,https://yourplatform.com/api/buyNFT,
user_162,nft_162,0xPRIVATE_KEY_162,https://yourplatform.com/api/buyNFT,
user_163,nft_163,0xPRIVATE_KEY_163,https://yourplatform.com/api/buyNFT,
user_164,nft_164,0xPRIVATE_KEY_164,https://yourplatform.com/api/buyNFT,
user_165,nft_165,0xPRIVATE_KEY_165,https://yourplatform.com/api/buyNFT,
user_166,nft_166,0xPRIVATE_KEY_166,https://yourplatform.com/api/buyNFT,
user_167,nft_167,0xPRIVATE_KEY_167,https://yourplatform.com/api/buyNFT,
user_168,nft_168,0xPRIVATE_KEY_168,https://yourplatform.com/api/buyNFT,
user_169,nft_169,0xPRIVATE_KEY_169,https://yourplatform.com/api/buyNFT,
user_170,nft_170,0xPRIVATE_KEY_170,https://yourplatform.com/api/buyNFT,
user_171,nft_171,0xPRIVATE_KEY_171,https://yourplatform.com/api/buyNFT,
user_172,nft_172,0xPRIVATE_KEY_172,https://yourplatform.com/api/buyNFT,
user_173,nft_173,0xPRIVATE_KEY_173,https://yourplatform.com/api/buyNFT,
user_174,nft_174,0xPRIVATE_KEY_174,https://yourplatform.com/api/buyNFT,
user_175,nft_175,0xPRIVATE_KEY_175,https://yourplatform.com/api/buyNFT,
user_176,nft_176,0xPRIVATE_KEY_176,https://yourplatform.com/api/buyNFT,
user_177,nft_177,0xPRIVATE_KEY_177,https://yourplatform.com/api/buyNFT,
user_178,nft_178,0xPRIVATE_KEY_178,https://yourplatform.com/api/buyNFT,
user_179,nft_179,0xPRIVATE_KEY_179,https://yourplatform.com/api/buyNFT,
user_180,nft_180,0xPRIVATE_KEY_180,https://yourplatform.com/api/buyNFT,
user_181,nft_181,0xPRIVATE_KEY_181,https://yourplatform.com/api/buyNFT,
user_182,nft_182,0xPRIVATE_KEY_182,https://yourplatform.com/api/buyNFT,
user_183,nft_183,0xPRIVATE_KEY_183,https://yourplatform.com/api/buyNFT,
user_184,nft_184,0xPRIVATE_KEY_184,https://yourplatform.com/api/buyNFT,
user_185,nft_185,0xPRIVATE_KEY_185,https://yourplatform.com/api/buyNFT,
user_186,nft_186,0xPRIVATE_KEY_186,https://yourplatform.com/api/buyNFT,
user_187,nft_187,0xPRIVATE_KEY_187,https://yourplatform.com/api/buyNFT,
user_188,nft_188,0xPRIVATE_KEY_188,https://yourplatform.com/api/buyNFT,
user_189,nft_189,0xPRIVATE_KEY_189,https://yourplatform.com/api/buyNFT,
user_190,nft_190,0xPRIVATE_KEY_190,https://yourplatform.com/api/buyNFT,
user_191,nft_191,0xPRIVATE_KEY_191,https://yourplatform.com/api/buyNFT,
user_192,nft_192,0xPRIVATE_KEY_192,https://yourplatform.com/api/buyNFT,
user_193,nft_193,0xPRIVATE_KEY_193,https://yourplatform.com/api/buyNFT,
user_194,nft_194,0xPRIVATE_KEY_194,https://yourplatform.com/api/buyNFT,
user_195,nft_195,0xPRIVATE_KEY_195,https://yourplatform.com/api/buyNFT,
user_196,nft_196,0xPRIVATE_KEY_196,https://yourplatform.com/api/buyNFT,
user_197,nft_197,0xPRIVATE_KEY_197,https://yourplatform.com/api/buyNFT,
user_198,nft_198,0xPRIVATE_KEY_198,https://yourplatform.com/api/buyNFT,
user_199,nft_199,0xPRIVATE_KEY_199,https://yourplatform.com/api/buyNFT,
user_200,nft_200,0xPRIVATE_KEY_200,https://yourplatform.com/api/buyNFT,
user_201,nft_201,0xPRIVATE_KEY_201,https://yourplatform.com/api/buyNFT,
user_202,nft_202,0xPRIVATE_KEY_202,https://yourplatform.com/api/buyNFT,
user_203,nft_203,0xPRIVATE_KEY_203,https://yourplatform.com/api/buyNFT,
user_204,nft_204,0xPRIVATE_KEY_204,https://yourplatform.com/api/buyNFT,
user_205,nft_205,0xPRIVATE_KEY_205,https://yourplatform.com/api/buyNFT,
user_206,nft_206,0xPRIVATE_KEY_206,https://yourplatform.com/api/buyNFT,
user_207,nft_207,0xPRIVATE_KEY_207,https://yourplatform.com/api/buyNFT,
user_208,nft_208,0xPRIVATE_KEY_208,https://yourplatform.com/api/buyNFT,
user_209,nft_209,0xPRIVATE_KEY_209,https://yourplatform.com/api/buyNFT,
user_210,nft_210,0xPRIVATE_KEY_210,https://yourplatform.com/api/buyNFT,
user_211,nft_211,0xPRIVATE_KEY_211,https://yourplatform.com/api/buyNFT,
user_212,nft_212,0xPRIVATE_KEY_212,https://yourplatform.com/api/buyNFT,
user_213,nft_213,0xPRIVATE_KEY_213,https://yourplatform.com/api/buyNFT,
user_214,nft_214,0xPRIVATE_KEY_214,https://yourplatform.com/api/buyNFT,
user_215,nft_215,0xPRIVATE_KEY_215,https://yourplatform.com/api/buyNFT,
user_216,nft_216,0xPRIVATE_KEY_216,https://yourplatform.com/api/buyNFT,
user_217,nft_217,0xPRIVATE_KEY_217,https://yourplatform.com/api/buyNFT,
user_218,nft_218,0xPRIVATE_KEY_218,https://yourplatform.com/api/buyNFT,
user_219,nft_219,0xPRIVATE_KEY_219,https://yourplatform.com/api/buyNFT,
user_220,nft_220,0xPRIVATE_KEY_220,https://yourplatform.com/api/buyNFT,
user_221,nft_221,0xPRIVATE_KEY_221,https://yourplatform.com/api/buyNFT,
user_222,nft_222,0xPRIVATE_KEY_222,https://yourplatform.com/api/buyNFT,
user_223,nft_223,0xPRIVATE_KEY_223,https://yourplatform.com/api/buyNFT,
user_224,nft_224,0xPRIVATE_KEY_224,https://yourplatform.com/api/buyNFT,
user_225,nft_225,0xPRIVATE_KEY_225,https://yourplatform.com/api/buyNFT,
user_226,nft_226,0xPRIVATE_KEY_226,https://yourplatform.com/api/buyNFT,
user_227,nft_227,0xPRIVATE_KEY_227,https://yourplatform.com/api/buyNFT,
user_228,nft_228,0xPRIVATE_KEY_228,https://yourplatform.com/api/buyNFT,
user_229,nft_229,0xPRIVATE_KEY_229,https://yourplatform.com/api/buyNFT,
user_230,nft_230,0xPRIVATE_KEY_230,https://yourplatform.com/api/buyNFT,
user_231,nft_231,0xPRIVATE_KEY_231,https://yourplatform.com/api/buyNFT,
user_232,nft_232,0xPRIVATE_KEY_232,https://yourplatform.com/api/buyNFT,
user_233,nft_233,0xPRIVATE_KEY_233,https://yourplatform.com/api/buyNFT,
user_234,nft_234,0xPRIVATE_KEY_234,https://yourplatform.com/api/buyNFT,
user_235,nft_235,0xPRIVATE_KEY_235,https://yourplatform.com/api/buyNFT,
user_236,nft_236,0xPRIVATE_KEY_236,https://yourplatform.com/api/buyNFT,
user_237,nft_237,0xPRIVATE_KEY_237,https://yourplatform.com/api/buyNFT,
user_238,nft_238,0xPRIVATE_KEY_238,https://yourplatform.com/api/buyNFT,
user_239,nft_239,0xPRIVATE_KEY_239,https://yourplatform.com/api/buyNFT,
user_240,nft_240,0xPRIVATE_KEY_240,https://yourplatform.com/api/buyNFT,
user_241,nft_241,0xPRIVATE_KEY_241,https://yourplatform.com/api/buyNFT,
user_242,nft_242,0xPRIVATE_KEY_242,https://yourplatform.com/api/buyNFT,
user_243,nft_243,0xPRIVATE_KEY_243,https://yourplatform.com/api/buyNFT,
user_244,nft_244,0xPRIVATE_KEY_244,https://yourplatform.com/api/buyNFT,
user_245,nft_245,0xPRIVATE_KEY_245,https://yourplatform.com/api/buyNFT,
user_246,nft_246,0xPRIVATE_KEY_246,https://yourplatform.com/api/buyNFT,
user_247,nft_247,0xPRIVATE_KEY_247,https://yourplatform.com/api/buyNFT,
user_248,nft_248,0xPRIVATE_KEY_248,https://yourplatform.com/api/buyNFT,
user_249,nft_249,0xPRIVATE_KEY_249,https://yourplatform.com/api/buyNFT,
user_250,nft_250,0xPRIVATE_KEY_250,https://yourplatform.com/api/buyNFT,
user_251,nft_251,0xPRIVATE_KEY_251,https://yourplatform.com/api/buyNFT,
user_252,nft_252,0xPRIVATE_KEY_252,https://yourplatform.com/api/buyNFT,
user_253,nft_253,0xPRIVATE_KEY_253,https://yourplatform.com/api/buyNFT,
user_254,nft_254,0xPRIVATE_KEY_254,https://yourplatform.com/api/buyNFT,
user_255,nft_255,0xPRIVATE_KEY_255,https://yourplatform.com/api/buyNFT,
user_256,nft_256,0xPRIVATE_KEY_256,https://yourplatform.com/api/buyNFT,
user_257,nft_257,0xPRIVATE_KEY_257,https://yourplatform.com/api/buyNFT,
user_258,nft_258,0xPRIVATE_KEY_258,https://yourplatform.com/api/buyNFT,
user_259,nft_259,0xPRIVATE_KEY_259,https://yourplatform.com/api/buyNFT,
user_260,nft_260,0xPRIVATE_KEY_260,https://yourplatform.com/api/buyNFT,
user_261,nft_261,0xPRIVATE_KEY_261,https://yourplatform.com/api/buyNFT,
user_262,nft_262,0xPRIVATE_KEY_262,https://yourplatform.com/api/buyNFT,
user_263,nft_263,0xPRIVATE_KEY_263,https://yourplatform.com/api/buyNFT,
user_264,nft_264,0xPRIVATE_KEY_264,https://yourplatform.com/api/buyNFT,
user_265,nft_265,0xPRIVATE_KEY_265,https://yourplatform.com/api/buyNFT,
user_266,nft_266,0xPRIVATE_KEY_266,https://yourplatform.com/api/buyNFT,
user_267,nft_267,0xPRIVATE_KEY_267,https://yourplatform.com/api/buyNFT,
user_268,nft_268,0xPRIVATE_KEY_268,https://yourplatform.com/api/buyNFT,
user_269,nft_269,0xPRIVATE_KEY_269,https://yourplatform.com/api/buyNFT,
user_270,nft_270,0xPRIVATE_KEY_270,https://yourplatform.com/api/buyNFT,
user_271,nft_271,0xPRIVATE_KEY_271,https://yourplatform.com/api/buyNFT,
user_272,nft_272,0xPRIVATE_KEY_272,https://yourplatform.com/api/buyNFT,
user_273,nft_273,0xPRIVATE_KEY_273,https://yourplatform.com/api/buyNFT,
user_274,nft_274,0xPRIVATE_KEY_274,https://yourplatform.com/api/buyNFT,
user_275,nft_275,0xPRIVATE_KEY_275,https://yourplatform.com/api/buyNFT,
user_276,nft_276,0xPRIVATE_KEY_276,https://yourplatform.com/api/buyNFT,
user_277,nft_277,0xPRIVATE_KEY_277,https://yourplatform.com/api/buyNFT,
user_278,nft_278,0xPRIVATE_KEY_278,https://yourplatform.com/api/buyNFT,
user_279,nft_279,0xPRIVATE_KEY_279,https://yourplatform.com/api/buyNFT,
user_280,nft_280,0xPRIVATE_KEY_280,https://yourplatform.com/api/buyNFT,
user_281,nft_281,0xPRIVATE_KEY_281,https://yourplatform.com/api/buyNFT,
user_282,nft_282,0xPRIVATE_KEY_282,https://yourplatform.com/api/buyNFT,
user_283,nft_283,0xPRIVATE_KEY_283,https://yourplatform.com/api/buyNFT,
user_284,nft_284,0xPRIVATE_KEY_284,https://yourplatform.com/api/buyNFT,
user_285,nft_285,0xPRIVATE_KEY_285,https://yourplatform.com/api/buyNFT,
user_286,nft_286,0xPRIVATE_KEY_286,https://yourplatform.com/api/buyNFT,
user_287,nft_287,0xPRIVATE_KEY_287,https://yourplatform.com/api/buyNFT,
user_288,nft_288,0xPRIVATE_KEY_288,https://yourplatform.com/api/buyNFT,
user_289,nft_289,0xPRIVATE_KEY_289,https://yourplatform.com/api/buyNFT,
user_290,nft_290,0xPRIVATE_KEY_290,https://yourplatform.com/api/buyNFT,
user_291,nft_291,0xPRIVATE_KEY_291,https://yourplatform.com/api/buyNFT,
user_292,nft_292,0xPRIVATE_KEY_292,https://yourplatform.com/api/buyNFT,
user_293,nft_293,0xPRIVATE_KEY_293,https://yourplatform.com/api/buyNFT,
user_294,nft_294,0xPRIVATE_KEY_294,https://yourplatform.com/api/buyNFT,
user_295,nft_295,0xPRIVATE_KEY_295,https://yourplatform.com/api/buyNFT,
user_296,nft_296,0xPRIVATE_KEY_296,https://yourplatform.com/api/buyNFT,
user_297,nft_297,0xPRIVATE_KEY_297,https://yourplatform.com/api/buyNFT,
user_298,nft_298,0xPRIVATE_KEY_298,https://yourplatform.com/api/buyNFT,
user_299,nft_299,0xPRIVATE_KEY_299,https://yourplatform.com/api/buyNFT,
user_300,nft_300,0xPRIVATE_KEY_300,https://yourplatform.com/api/buyNFT,